review,sentiment
"This movie was absolutely fantastic! The acting was brilliant and the plot kept me on the edge of my seat the entire time. I highly recommend it to everyone.",positive
"Terrible waste of time. The story was boring and the characters were completely unlikable. Save your money and skip this one.",negative
"An amazing film with stunning visuals and a powerful message. The direction was masterful and the cast delivered outstanding performances.",positive
"I can't believe I wasted two hours on this garbage. The dialogue was cringe-worthy and the pacing was all over the place. Avoid at all costs.",negative
"Loved every minute of this movie! It's heartwarming, funny, and has a great message about friendship and loyalty.",positive
"The worst movie I've seen all year. Poorly written, badly acted, and the special effects were laughable. Don't bother watching.",negative
"A masterpiece! The cinematography was breathtaking and the story was deeply moving. I'll definitely watch it again.",positive
"This film was a complete disaster. The plot made no sense and the acting was wooden. I walked out halfway through.",negative
"Incredible! The soundtrack was amazing and the performances were top-notch. It's one of the best movies I've seen in years.",positive
"Awful, just awful. The script was terrible and the direction was amateurish. I regret watching this.",negative
"Brilliant! A thought-provoking story with excellent character development. Highly recommend for anyone who loves intelligent cinema.",positive
"Horrible experience. The movie dragged on forever and the ending was completely unsatisfying. Total waste of time.",negative
"Absolutely loved it! The humor was spot-on and the chemistry between the leads was fantastic. A must-see comedy.",positive
"Dreadful. The acting was so bad it was painful to watch. The plot was predictable and clichéd. Save yourself the trouble.",negative
"Amazing! The action sequences were thrilling and the story kept me engaged from start to finish. A great summer blockbuster.",positive
"Terrible film. The dialogue was stilted and the pacing was glacial. I found myself checking my watch every five minutes.",negative
"Wonderful! A beautiful story about love and redemption. The performances were heartfelt and genuine. Highly recommend.",positive
"Awful beyond words. The movie was confusing and the characters were poorly developed. I wouldn't recommend it to anyone.",negative
"Exceptional! The direction was innovative and the screenplay was sharp. This is a must-watch for film lovers.",positive
"Horrible. Just plain horrible. The acting was atrocious and the plot was nonsensical. Don't waste your time.",negative
"Great movie! The characters were relatable and the story was engaging. I laughed and cried throughout.",positive
"Terrible waste of a good premise. The execution was poor and the dialogue was cringe. Very disappointing.",negative
"Outstanding! The cinematography was beautiful and the performances were award-worthy. A truly memorable film.",positive
"I hated every minute of this. The movie was slow and boring, and the ending was a complete letdown.",negative
"Fantastic! The story was original and the pacing was perfect. I was on the edge of my seat the whole time.",positive
"Awful movie. The acting was wooden and the plot was full of holes. I regret paying to see this.",negative
"Brilliant! A smart, funny, and heartfelt comedy that had me laughing from start to finish.",positive
"Terrible. The movie was predictable and the jokes fell flat. Save your money for something better.",negative
"Amazing! The special effects were stunning and the story was epic. A true cinematic masterpiece.",positive
"Horrible film. The dialogue was terrible and the pacing was off. I couldn't wait for it to end.",negative
"Loved it! The chemistry between the actors was great and the story was heartwarming. A feel-good movie.",positive
"Dreadful. The plot was confusing and the characters were uninteresting. I struggled to stay awake.",negative
"Incredible! The soundtrack was amazing and the performances were outstanding. One of my favorite movies this year.",positive
"Awful. Just awful. The movie was boring and the ending made no sense. Don't bother.",negative
"Wonderful! A touching story with great performances. It made me laugh and cry. Highly recommend.",positive
"Terrible! The acting was bad and the plot was ridiculous. I can't believe this got made.",negative
"Excellent! The story was engaging and the characters were well-developed. A great film overall.",positive
"Horrible waste of time. The movie dragged on and the ending was disappointing. Save yourself the trouble.",negative
"Great! The humor was funny and the story was sweet. A perfect family movie.",positive
"Awful. The dialogue was cringe-worthy and the acting was wooden. I wouldn't watch it again.",negative
"Brilliant! A thought-provoking film with excellent performances. It stayed with me long after it ended.",positive
"Terrible movie. The plot was confusing and the pacing was slow. I almost walked out.",negative
"Amazing! The action was thrilling and the story was engaging. A great action movie.",positive
"Horrible. The acting was atrocious and the script was terrible. Don't waste your time.",negative
"Fantastic! The story was heartwarming and the characters were lovable. A feel-good film.",positive
"Dreadful. The movie was boring and the plot was predictable. Very disappointing.",negative
"Outstanding! The cinematography was beautiful and the performances were fantastic. A must-see.",positive
"Awful film. The dialogue was stilted and the pacing was off. I didn't enjoy it at all.",negative
"Great! The story was original and the acting was excellent. I highly recommend it.",positive
"Terrible. The movie was slow and the characters were unlikable. I regret watching it.",negative
"Incredible! The soundtrack was amazing and the story was moving. A truly great film.",positive
"Horrible. Just plain horrible. The plot made no sense and the acting was bad.",negative
"Wonderful! A funny and heartfelt comedy that had me entertained throughout.",positive
"Awful! The movie was confusing and the ending was unsatisfying. Total waste of time.",negative
"Brilliant! The performances were outstanding and the story was gripping. A masterpiece.",positive
"Terrible waste of talent. The script was weak and the direction was poor. Very disappointing.",negative
"Amazing! The special effects were incredible and the story was epic. A cinematic experience.",positive
"Horrible film. The acting was wooden and the plot was full of clichés. Don't bother.",negative
"Loved it! The chemistry between the leads was great and the story was engaging. A fun movie.",positive
"Dreadful. The movie dragged on and the ending was predictable. I was bored throughout.",negative
"Excellent! The story was compelling and the characters were well-written. A great drama.",positive
"Awful. The dialogue was terrible and the pacing was slow. I couldn't get into it.",negative
"Great movie! The humor was spot-on and the performances were funny. A hilarious comedy.",positive
"Terrible! The plot was ridiculous and the acting was over-the-top. Very cheesy.",negative
"Fantastic! The story was emotional and the performances were heartfelt. A moving film.",positive
"Horrible waste of time. The movie was confusing and the characters were uninteresting.",negative
"Outstanding! The direction was innovative and the screenplay was sharp. A must-watch.",positive
"Awful. Just awful. The acting was bad and the plot was boring. Don't waste your money.",negative
"Brilliant! A smart and engaging thriller that kept me on the edge of my seat.",positive
"Terrible movie. The pacing was off and the ending was a letdown. Disappointing.",negative
"Amazing! The cinematography was stunning and the story was beautiful. A visual masterpiece.",positive
"Horrible. The dialogue was cringe and the acting was wooden. I didn't enjoy it.",negative
"Wonderful! A heartwarming story with great performances. It made me smile.",positive
"Dreadful. The movie was slow and the plot was predictable. Very boring.",negative
"Incredible! The soundtrack was perfect and the story was gripping. A fantastic film.",positive
"Awful. The acting was atrocious and the story was nonsensical. Don't watch.",negative
"Great! The characters were relatable and the story was funny. A fun watch.",positive
"Terrible! The plot was confusing and the pacing was glacial. I struggled to finish it.",negative
"Fantastic! The performances were excellent and the story was moving. A great drama.",positive
"Horrible film. The dialogue was stilted and the characters were unlikable. Avoid.",negative
"Excellent! The story was original and the direction was great. Highly recommend.",positive
"Awful. The movie was boring and the ending was unsatisfying. Very disappointing.",negative
"Loved it! The humor was hilarious and the characters were lovable. A great comedy.",positive
"Terrible waste of time. The plot was weak and the acting was poor. Save your money.",negative
"Brilliant! A thought-provoking film with powerful performances. It stayed with me.",positive
"Horrible. Just plain horrible. The movie was confusing and the pacing was off.",negative
"Amazing! The action was thrilling and the story was engaging. A great blockbuster.",positive
"Awful! The acting was bad and the plot was ridiculous. I regret watching.",negative
"Wonderful! A touching story about friendship and love. It made me cry.",positive
"Dreadful. The movie dragged on and the ending was unsatisfying. Very disappointing.",negative
"Incredible! The soundtrack was perfect and the performances were fantastic. A great film.",positive
"Great! The characters were relatable and the story was heartwarming. A feel-good movie.",positive
"Terrible. The dialogue was cringe-worthy and the acting was over-the-top. Cheesy.",negative
"Fantastic! The story was original and the direction was innovative. A unique film.",positive
"Horrible waste of talent. The script was weak and the pacing was off.",negative
"Outstanding! The cinematography was breathtaking and the story was moving. A visual treat.",positive
"Awful. The movie was confusing and the characters were unlikable. I didn't enjoy it.",negative
"Brilliant! A smart comedy with great performances. It had me laughing throughout.",positive
"Terrible movie. The plot was predictable and the jokes fell flat. Very disappointing.",negative
"Amazing! The special effects were incredible and the story was engaging. A great fantasy film.",positive
"Horrible. The dialogue was terrible and the pacing was glacial. I struggled to finish.",negative
"Wonderful! A heartfelt story with genuine performances. It touched my heart.",positive
"Dreadful. The movie was slow and boring. Nothing interesting happened.",negative
"Incredible! The story was gripping and the performances were outstanding. A must-watch.",positive
"Awful! The acting was atrocious and the plot made no sense. Very bad.",negative
"Great! The humor was funny and the story was sweet. A perfect family film.",positive
"Terrible. The pacing was off and the ending was a complete letdown.",negative
"Fantastic! The performances were excellent and the story was emotional. A great drama.",positive
"Horrible film. The dialogue was stilted and the characters were boring. Avoid.",negative
"Excellent! The story was original and the direction was great. Highly recommend.",positive
"Awful. The movie was boring and the plot was full of holes. Very disappointing.",negative
"Loved it! The chemistry between the leads was great and the story was engaging. A fun movie.",positive
"Terrible waste of time. The acting was bad and the script was weak. Save your money.",negative
"Brilliant! A thought-provoking thriller that kept me on the edge of my seat.",positive
"Horrible. Just plain horrible. The movie was confusing and the acting was wooden.",negative
"Amazing! The action was thrilling and the story was epic. A great summer movie.",positive
"Awful! The dialogue was cringe and the plot was ridiculous. I regret watching.",negative
"Wonderful! A heartwarming comedy with great humor. It made me laugh and smile.",positive
"Dreadful. The movie dragged on and the characters were uninteresting. Very dull.",negative
"Incredible! The cinematography was stunning and the story was beautiful. A masterpiece.",positive